<?xml version="1.0" encoding="UTF-8" ?>
<!DOCTYPE project PUBLIC "project" "project.dtd" >
<project version="1.0" >
  <set param="PCW::ENET0::PERIPHERAL::ENABLE" value="1" />
  <set param="PCW::ENET0::GRP_MDIO::ENABLE" value="1" />
  <set param="PCW::ENET0::ENET0::IO" value="MIO 16 .. 27" />
  <set param="PCW::ENET0::GRP_MDIO::IO" value="MIO 52 .. 53" />
  <set param="PCW::GPIO::PERIPHERAL::ENABLE" value="1" />
  <set param="PCW::GPIO::MIO_GPIO::ENABLE" value="1" />
  <set param="PCW::GPIO::EMIO_GPIO::ENABLE" value="1" />
  <set param="PCW::I2C0::PERIPHERAL::ENABLE" value="1" />
  <set param="PCW::I2C0::I2C0::IO" value="MIO 50 .. 51" />
  <set param="PCW::UART0::PERIPHERAL::ENABLE" value="1" />
  <set param="PCW::UART0::UART0::IO" value="MIO 14 .. 15" />
  <set param="PCW::UART1::PERIPHERAL::ENABLE" value="1" />
  <set param="PCW::UART1::UART1::IO" value="MIO 8 .. 9" />
  <set param="PCW::USB0::PERIPHERAL::ENABLE" value="1" />
  <set param="PCW::USB0::RESET::ENABLE" value="1" />
  <set param="PCW::USB0::RESET::IO" value="MIO 48" />
  <set param="PCW::SD0::PERIPHERAL::ENABLE" value="1" />
  <set param="PCW::SD0::SD0::IO" value="MIO 40 .. 45" />
  <set param="PCW::SD0::GRP_CD::ENABLE" value="1" />
  <set param="PCW::SD0::GRP_WP::ENABLE" value="1" />
  <set param="PCW::SD0::GRP_CD::IO" value="MIO 46" />
  <set param="PCW::SD0::GRP_WP::IO" value="MIO 47" />
  <set param="PCW::SPI0::PERIPHERAL::ENABLE" value="1" />
  <set param="PCW::SPI1::PERIPHERAL::ENABLE" value="1" />
  <set param="PCW::SPI1::SPI1::IO" value="MIO 10 .. 15" />
  <set param="PCW::PRESET::BANK0::VOLTAGE" value="LVCMOS 3.3V" />
  <set param="PCW::PRESET::BANK1::VOLTAGE" value="LVCMOS 2.5V" />
  <set param="PCW::UIPARAM::DDR::PARTNO" value="MT41J256M16 RE-125" />
  <set param="PCW::UIPARAM::DDR::BUS_WIDTH" value="16 Bit" />
  <set param="PCW::MIO::MIO[0]::PULLUP" value="disabled" />
  <set param="PCW::MIO::MIO[16]::SLEW" value="fast" />
  <set param="PCW::MIO::MIO[16]::PULLUP" value="disabled" />
  <set param="PCW::MIO::MIO[17]::SLEW" value="fast" />
  <set param="PCW::MIO::MIO[17]::PULLUP" value="disabled" />
  <set param="PCW::MIO::MIO[18]::SLEW" value="fast" />
  <set param="PCW::MIO::MIO[18]::PULLUP" value="disabled" />
  <set param="PCW::MIO::MIO[19]::SLEW" value="fast" />
  <set param="PCW::MIO::MIO[19]::PULLUP" value="disabled" />
  <set param="PCW::MIO::MIO[20]::SLEW" value="fast" />
  <set param="PCW::MIO::MIO[20]::PULLUP" value="disabled" />
  <set param="PCW::MIO::MIO[21]::SLEW" value="fast" />
  <set param="PCW::MIO::MIO[21]::PULLUP" value="disabled" />
  <set param="PCW::MIO::MIO[22]::SLEW" value="fast" />
  <set param="PCW::MIO::MIO[22]::PULLUP" value="disabled" />
  <set param="PCW::MIO::MIO[23]::SLEW" value="fast" />
  <set param="PCW::MIO::MIO[23]::PULLUP" value="disabled" />
  <set param="PCW::MIO::MIO[24]::SLEW" value="fast" />
  <set param="PCW::MIO::MIO[24]::PULLUP" value="disabled" />
  <set param="PCW::MIO::MIO[25]::SLEW" value="fast" />
  <set param="PCW::MIO::MIO[25]::PULLUP" value="disabled" />
  <set param="PCW::MIO::MIO[26]::SLEW" value="fast" />
  <set param="PCW::MIO::MIO[26]::PULLUP" value="disabled" />
  <set param="PCW::MIO::MIO[27]::SLEW" value="fast" />
  <set param="PCW::MIO::MIO[27]::PULLUP" value="disabled" />
  <set param="PCW::MIO::MIO[28]::SLEW" value="fast" />
  <set param="PCW::MIO::MIO[29]::SLEW" value="fast" />
  <set param="PCW::MIO::MIO[30]::SLEW" value="fast" />
  <set param="PCW::MIO::MIO[31]::SLEW" value="fast" />
  <set param="PCW::MIO::MIO[32]::SLEW" value="fast" />
  <set param="PCW::MIO::MIO[33]::SLEW" value="fast" />
  <set param="PCW::MIO::MIO[34]::SLEW" value="fast" />
  <set param="PCW::MIO::MIO[35]::SLEW" value="fast" />
  <set param="PCW::MIO::MIO[36]::SLEW" value="fast" />
  <set param="PCW::MIO::MIO[37]::SLEW" value="fast" />
  <set param="PCW::MIO::MIO[38]::SLEW" value="fast" />
  <set param="PCW::MIO::MIO[39]::SLEW" value="fast" />
</project>
