{
  "name": "lwip_udp_perf_server_ethernet",
  "type": "HOST",
  "platform": "/home/mtassone/Desktop/Vivado_projects/Ethernet_Vitis/Ethernet_comm/export/Ethernet_comm/Ethernet_comm.xpfm",
  "domain": "standalone_ps7_cortexa9_0",
  "cpuInstance": "ps7_cortexa9_0",
  "cpuType": "cortex-a9",
  "os": "standalone",
  "configuration": {
    "componentType": "HOST",
    "hostToolchainConfigurations": []
  },
  "domainRealName": "standalone_ps7_cortexa9_0",
  "applicationFlow": "EMBEDDED",
  "previousBuildStatusMap": {
    "hw": "SUCCESS"
  }
}