<?xml version="1.0"?>
<Runs Version="1" Minor="0">
	<Run Id="impl_1" LaunchDir="/home/cotti/Desktop/Proyecto_final/vlc_utn/ethernet/vivado/vlc_tx/vlc_tx.runs/impl_1" FlowId="Vivado_Implementation" FromStepId="init_design" ToStepId="post_route_phys_opt_design"/>
	<Parameters>
		<Parameter Name="runs.monitorLSFJobs" Val="true" Type="bool"/>
		<Parameter Name="runs.enableClusterConf" Val="true" Type="bool"/>
		<Parameter Name="general.ignorePathLengthChecks" Val="true" Type="bool"/>
		<Parameter Name="general.shortenLongPath" Val="true" Type="bool"/>
	</Parameters>
	<ProductInfo Name="vivado"/>
</Runs>

